Perry,Roth,966721279
Kara,Hamilton,234872452
Kristie,Meyer,381291180
Shawn,Davenport,877273857
Austin,White,671636295
Blake,Harris,613723845
Katrina,Morrison,987990687
Heather,Hall,270098004
Zachary,Washington,234435027
Brooke,Knight,414219576
Jamie,Frank,881687683
Michael,Williams,455707768
Angela,Brown,547227181
Patrick,Brown,268866707
Heather,Henry,201943703
Peter,Davis,451811757
Deborah,Reyes,221761165
Heather,Patterson,650484219
Tony,White,396859822
Billy,Hall,384481281
Stephanie,Williams,334887786
Robert,Wolf,144656348
Peter,Beck,408823040
Angela,Zhang,862618068
George,Marquez,935952499
Carrie,Collier,799210905
Paula,Roberts,239499032
Ralph,Gallegos,478794902
Ronald,Woods,738267902
Kristina,Ford,174340496
Rachel,Snyder,172918617
Gregory,Garcia,571475683
Felicia,Christensen,876097723
Robin,Evans,269481412
Kimberly,Swanson,603025262
Jessica,Romero,768403146
Matthew,Shah,960808500
Todd,Mcdonald,474786275
Stephen,Calhoun,952871237
Melissa,Orozco,270707145
John,Gonzalez,632263420
Reginald,Miller,201485998
Dana,Mendoza,327343162
Jeffrey,Phillips,314599527
Stephanie,Evans,312160269
April,Payne,222224653
David,Maxwell,477576896
Daniel,James,907293303
Ana,Johnson,201866355
Jonathan,Lutz,452619785
Tracy,Torres,781372549
Casey,Hebert,504542630
Miranda,Thornton,197400501
Stephanie,Bowers,304856930
Eric,Owen,109615495
Michael,Simpson,664267295
Nancy,White,171452340
Darren,Rodriguez,742201150
Larry,Cain,821908163
Mary,Carr,577281250
Robert,Skinner,334438209
Pamela,Bruce,809761812
Lori,Murray,715989800
Arthur,Miller,388000094
Larry,Boyd,220184237
Susan,Calderon,662664256
Amber,Scott,830737812
Brandon,Pierce,686491847
William,Young,734864531
Christina,Wallace,366028956
Samuel,Gonzales,430882715
Shawn,Turner,513819276
Zachary,Green,583928360
Barry,Vance,505016479
James,Cox,872174112
Austin,Miller,282587975
Robert,Garcia,897217943
Heather,Young,624229674
Robert,Mason,817159637
Daniel,Wallace,609239822
Sheila,Lara,677528718
Douglas,White,326332412
Virginia,Lara,899634876
Stephanie,Jenkins,905246132
Karen,Castillo,358822959
Christina,Ball,571685218
Michael,Graham,842631945
Caitlin,Rodriguez,135263455
Jerry,Thompson,714138938
Kevin,Dixon,133007535
Sandra,Smith,573276422
Veronica,Patel,176777874
Ashley,Baldwin,553362942
Craig,Bryant,400036410
Christine,Jackson,416236925
Gina,Baker,336540471
Ernest,Davis,134673480
Latoya,Garcia,711327267
Joann,Kelly,818560337
Eric,Griffin,636881896